{
  "__version__": "1.3.3",
  "splash-setting": {
    "totalTime": 0,
    "displayWatermark": false,
    "clearColor": {
      "x": 0.06666666666666667,
      "y": 0.00392156862745098,
      "z": 0.00392156862745098,
      "w": 1
    },
    "displayRatio": 0,
    "url": ""
  }
}
